url,lastmod
https://www.helloworld.de/about/food-waste_1,2026-05-27
https://www.helloworld.de/about/how-it-works_1,2026-05-27
https://www.helloworld.de/about/impressum_1,2026-05-27
https://www.helloworld.de/about/influencer-program_1,2026-05-27
https://www.helloworld.de/about/lca-study_1,2026-05-27
https://www.helloworld.de/about/liefergebiete_1,2026-05-27
https://www.helloworld.de/about/nachhaltigkeit_1,2026-05-27
https://www.helloworld.de/about/packaging_1,2026-05-27
https://www.helloworld.de/about/presse_1,2026-05-27
https://www.helloworld.de/about/so-kuendigst-du-helloworld_1,2026-05-27
https://www.helloworld.de/about/suppliers